{"cameraMode":{"drawMode":0,"name":"Shaded","section":"Shading Mode"},"sceneLighting":true,"audioPlay":false,"sceneViewState":{"showFog":false,"showMaterialUpdate":false,"showSkybox":true,"showFlares":false,"showImageEffects":false,"showParticleSystems":false},"in2DMode":false,"pivot":{"x":14.380256652832032,"y":9.442505836486817,"z":-16.043785095214845},"rotation":{"x":0.1238987147808075,"y":-0.22303183376789094,"z":0.028591658920049669,"w":0.9664825201034546},"size":14.178458213806153,"orthographic":false}